candidate_id,old_doi,proposed_doi,decision
POOL-0001,10.47813/2782-2818-2026-6-1-3001-3010,,not_selected
POOL-0002,,,not_selected
POOL-0003,10.1016/j.actpsy.2026.107469,,not_selected
POOL-0004,10.48550/arxiv.2605.20364,,not_selected
POOL-0005,,,not_selected
POOL-0006,,,not_selected
POOL-0007,,,not_selected
POOL-0008,10.1109/cscwd68734.2026.11582733,,not_selected
POOL-0009,10.48550/arxiv.2604.24525,,not_selected
POOL-0010,,,not_selected
POOL-0011,10.1145/3793302.3793566,,not_selected
POOL-0012,,,not_selected
POOL-0013,,,not_selected
POOL-0014,10.1145/3808130,,not_selected
POOL-0015,10.48550/arxiv.2601.14470,,not_selected
POOL-0016,,,not_selected
POOL-0017,,,not_selected
POOL-0018,10.48550/arxiv.2603.25773,,not_selected
POOL-0019,10.59934/jaiea.v5i3.2431,,not_selected
POOL-0020,10.48550/arxiv.2605.01160,,not_selected
POOL-0021,,,not_selected
POOL-0022,10.48550/arxiv.2604.13114,,not_selected
POOL-0023,10.1371/journal.pcbi.1013970,,not_selected
POOL-0024,10.1145/3794763.3794809,,not_selected
POOL-0025,10.48550/arxiv.2601.04252,,not_selected
POOL-0026,,,not_selected
POOL-0027,10.30574/ijsra.2026.19.2.0992,,not_selected
POOL-0028,10.48550/arxiv.2604.05013,,not_selected
POOL-0029,,,not_selected
POOL-0030,10.48550/arxiv.2603.26130,,not_selected
POOL-0031,10.48550/arxiv.2605.13139,,not_selected
POOL-0032,10.48550/arxiv.2601.05467,,not_selected
POOL-0033,,,not_selected
POOL-0034,10.48550/arxiv.2605.15425,,not_selected
POOL-0035,10.1145/3786583.3786851,,not_selected
POOL-0036,10.48550/arxiv.2603.03121,,not_selected
POOL-0037,10.64898/2026.04.17.719279,,not_selected
POOL-0038,,,not_selected
POOL-0039,10.48550/arxiv.2605.17548,,not_selected
POOL-0040,10.22214/ijraset.2026.79005,,not_selected
POOL-0041,10.1145/3786583.3786910,,not_selected
POOL-0042,,,not_selected
POOL-0043,10.48550/arxiv.2601.04350,,not_selected
POOL-0044,10.64917/feaiml/volume03issue06-01,,not_selected
POOL-0045,10.48550/arxiv.2602.09774,,not_selected
POOL-0046,10.48550/arxiv.2605.01885,,not_selected
POOL-0047,10.1109/icaic67076.2026.11395889,,not_selected
POOL-0048,10.48550/arxiv.2604.15385,,not_selected
POOL-0049,10.48550/arxiv.2602.01655,,not_selected
POOL-0050,,,not_selected
POOL-0051,10.17706/jsw.21.1.14-32,,not_selected
POOL-0052,10.1109/icaace69793.2026.11508786,,not_selected
POOL-0053,10.1109/ecitech69277.2026.11601893,,not_selected
POOL-0054,10.7717/peerj-cs.3642,,not_selected
POOL-0055,10.48550/arxiv.2605.23108,,not_selected
POOL-0056,10.62712/juktisi.v5i1.1070,,not_selected
POOL-0057,10.48550/arxiv.2602.05270,,not_selected
POOL-0058,10.1109/ic3ecsbhi67834.2026.11469106,,not_selected
POOL-0059,10.48550/arxiv.2602.02262,,not_selected
POOL-0060,10.1145/3793302.3793597,,not_selected
POOL-0061,10.48550/arxiv.2604.11543,,not_selected
POOL-0062,10.1109/icei65890.2026.11448038,,not_selected
POOL-0063,,,not_selected
POOL-0064,10.48550/arxiv.2603.18740,,not_selected
POOL-0065,10.1002/asi.70105,,not_selected
POOL-0066,10.1109/icst69053.2026.00054,,not_selected
POOL-0067,10.1016/j.nbt.2026.03.007,,not_selected
POOL-0068,10.5070/sr3.62177,,not_selected
POOL-0069,10.36838/ijhsr89.70,,not_selected
POOL-0070,10.48550/arxiv.2601.14936,,not_selected
POOL-0071,10.1145/3786583.3786863,,not_selected
POOL-0072,,,not_selected
POOL-0073,10.48550/arxiv.2605.13851,,not_selected
POOL-0074,10.1145/3793302.3793354,,not_selected
POOL-0075,10.1109/iceaai68945.2026.11442374,,not_selected
POOL-0076,10.1109/peed69047.2026.00075,,not_selected
POOL-0077,10.1145/3803437.3804441,,not_selected
POOL-0078,10.1109/iisec69317.2026.11418436,,not_selected
POOL-0079,,,not_selected
POOL-0080,10.48550/arxiv.2602.11911,,not_selected
POOL-0081,10.1007/s11192-026-05645-7,,not_selected
POOL-0082,10.1145/3793302.3793595,,not_selected
POOL-0083,10.1145/3786164.3788447,,not_selected
POOL-0084,10.1145/3803437.3805236,,not_selected
POOL-0085,10.48550/arxiv.2603.24359,,not_selected
POOL-0086,10.1145/3797092,,not_selected
POOL-0087,,,not_selected
POOL-0088,,,not_selected
POOL-0089,,,not_selected
POOL-0090,10.1145/3805760.3814898,,not_selected
POOL-0091,10.48550/arxiv.2602.10487,,not_selected
POOL-0092,10.48550/arxiv.2605.12610,,not_selected
POOL-0093,10.1109/saner67736.2026.00085,,not_selected
POOL-0094,10.48550/arxiv.2602.14285,,not_selected
POOL-0095,10.1109/saner-c67878.2026.00010,,not_selected
POOL-0096,10.1109/icaiic68212.2026.11454249,,not_selected
POOL-0097,10.48550/arxiv.2604.24621,,not_selected
POOL-0098,,,not_selected
POOL-0099,10.48550/arxiv.2605.09059,,not_selected
POOL-0100,10.1145/3801980,,not_selected
POOL-0101,10.1109/icipcn67432.2026.11438709,,not_selected
POOL-0102,10.1145/3770761.3777234,,not_selected
POOL-0103,,,not_selected
POOL-0104,10.48550/arxiv.2604.05955,,not_selected
POOL-0105,,,not_selected
POOL-0106,10.1109/ibi68858.2026.11604063,,not_selected
POOL-0107,10.59256/ijire.20260702027,,not_selected
POOL-0108,,,not_selected
POOL-0109,10.3390/app16041875,,not_selected
POOL-0110,10.1109/ecai69016.2026.11613769,,not_selected
POOL-0111,,,not_selected
POOL-0112,10.48550/arxiv.2605.11229,,not_selected
POOL-0113,10.48550/arxiv.2605.21374,,not_selected
POOL-0114,10.1109/iccsp68173.2026.11539403,,not_selected
POOL-0115,10.3390/jintelligence14050089,,not_selected
POOL-0116,,,not_selected
POOL-0117,10.35231/18186653_2026_2_122,,not_selected
POOL-0118,10.4018/ijtd.404029,,not_selected
POOL-0119,10.1145/3772318.3790974,,not_selected
POOL-0120,10.48550/arxiv.2602.16741,,not_selected
POOL-0121,10.48550/arxiv.2603.11078,,not_selected
POOL-0122,10.32684/2412-5288-2026-1-28-111-117,,not_selected
POOL-0123,,10.48550/arxiv.2602.23047,apply
POOL-0124,,,not_selected
POOL-0125,10.48550/arxiv.2605.26100,,not_selected
POOL-0126,,,not_selected
POOL-0127,10.1007/s10664-026-10928-x,,not_selected
POOL-0128,10.1145/3803437.3806423,,not_selected
POOL-0129,10.5121/csit.2026.160420,,not_selected
POOL-0130,10.64137/31079911/ijmst-v2i2p103,,not_selected
POOL-0131,10.48550/arxiv.2605.30208,,not_selected
POOL-0132,10.18178/ijiet.2026.16.5.2598,,not_selected
POOL-0133,10.5220/0014691200004018,,not_selected
POOL-0134,10.1109/icicit69063.2026.11634200,,not_selected
POOL-0135,10.1109/iciss67859.2026.11453620,,not_selected
POOL-0136,10.48550/arxiv.2604.23667,,not_selected
POOL-0137,,,not_selected
POOL-0138,10.1145/3803437.3805264,,not_selected
POOL-0139,10.1109/icciaa68481.2026.11543737,,not_selected
POOL-0140,10.1007/s10515-026-00638-5,,not_selected
POOL-0141,10.36871/26189976.2026.06.015,,not_selected
POOL-0142,10.1109/icstw72326.2026.00017,,not_selected
POOL-0143,10.1109/ais69919.2026.11621306,,not_selected
POOL-0144,10.22214/ijraset.2026.79556,,not_selected
POOL-0145,10.17148/ijarcce.2026.155213,,not_selected
POOL-0146,,,not_selected
POOL-0147,10.48550/arxiv.2601.19138,,not_selected
POOL-0148,10.36948/ijfmr.2026.v08i02.78058,,not_selected
POOL-0149,10.1109/satc69565.2026.11542535,,not_selected
POOL-0150,10.48550/arxiv.2603.01896,,not_selected
POOL-0151,,,not_selected
POOL-0152,,,not_selected
POOL-0153,10.1109/ccwc67433.2026.11393761,,not_selected
POOL-0154,10.1145/3786580.3786956,,not_selected
POOL-0155,10.48550/arxiv.2604.17092,,not_selected
POOL-0156,10.55041/ijsrem61590,,not_selected
POOL-0157,10.36074/grail-of-science.01.05.2026.077,,not_selected
POOL-0158,10.1109/icears67481.2026.11416586,,not_selected
POOL-0159,10.48550/arxiv.2601.19494,,not_selected
POOL-0160,10.1080/2331186x.2026.2676265,,not_selected
POOL-0161,10.1109/icarc68737.2026.11453625,,not_selected
POOL-0162,10.48550/arxiv.2602.13377,,not_selected
POOL-0163,10.1145/3793302.3793608,,not_selected
POOL-0164,10.1109/icaiss68683.2026.11526109,,not_selected
POOL-0165,10.1145/3806980.3807027,,not_selected
POOL-0166,10.1145/3805760.3814916,,not_selected
POOL-0167,10.1109/iicai70155.2026.11620956,,not_selected
POOL-0168,10.1109/iicai70155.2026.11620871,,not_selected
POOL-0169,,,not_selected
POOL-0170,10.31891/2307-5732-2025-357-28,,not_selected
POOL-0171,10.1109/ase63991.2025.00264,,not_selected
POOL-0172,,,not_selected
POOL-0173,10.1109/ase63991.2025.00312,,not_selected
POOL-0174,10.1109/fie63693.2025.11328445,,not_selected
POOL-0175,10.34190/icair.5.1.3975,,not_selected
POOL-0176,10.1109/itc-egypt66095.2025.11186635,,not_selected
POOL-0177,10.1109/ase63991.2025.00323,,not_selected
POOL-0178,10.1007/978-3-031-99857-7_18,,not_selected
POOL-0179,10.14722/ndss.2026.242066,,not_selected
POOL-0180,10.36948/ijfmr.2025.v07i03.49852,,not_selected
POOL-0181,10.1109/icsme64153.2025.00093,,not_selected
POOL-0182,10.48550/arxiv.2505.17928,,not_selected
POOL-0183,10.1109/msr66628.2025.00043,,not_selected
POOL-0184,10.1002/ail2.127,,not_selected
POOL-0185,10.48550/arxiv.2508.11034,,not_selected
POOL-0186,10.1145/3803437.3806710,,not_selected
POOL-0187,10.1109/fie63693.2025.11328650,,not_selected
POOL-0188,10.1109/edcc-c66476.2025.00034,,not_selected
POOL-0189,10.32996/jcsts.2025.7.12.57,,not_selected
POOL-0190,10.5753/wesaac.2025.37549,,not_selected
POOL-0191,10.1145/3786151.3788601,,not_selected
POOL-0192,10.1109/icaic67076.2026.11395740,,not_selected
POOL-0193,10.48550/arxiv.2510.26457,,not_selected
POOL-0194,10.1145/3808144,,not_selected
POOL-0195,10.48550/arxiv.2510.10010,,not_selected
POOL-0196,10.1109/ase63991.2025.00315,,not_selected
POOL-0197,10.1109/ic3it66137.2025.11341145,,not_selected
POOL-0198,10.55041/ijsrem53791,,not_selected
POOL-0199,10.1145/3774521.3774523,,not_selected
POOL-0200,10.48550/arxiv.2503.08506,,not_selected
POOL-0201,10.1109/cascon66301.2025.00092,,not_selected
POOL-0202,10.1109/esem64174.2025.00013,,not_selected
POOL-0203,10.1109/icaide65466.2025.11189485,,not_selected
POOL-0204,10.48550/arxiv.2505.07920,,not_selected
POOL-0205,10.48550/arxiv.2510.03588,,not_selected
POOL-0206,10.1101/2025.02.13.638015,,not_selected
POOL-0207,10.71465/fair456,,not_selected
POOL-0208,10.1145/3816483.3816556,,not_selected
POOL-0209,10.48550/arxiv.2503.05992,,not_selected
POOL-0210,,,not_selected
POOL-0211,10.48550/arxiv.2510.06000,,not_selected
POOL-0212,10.1145/3769694.3771124,,not_selected
POOL-0213,10.48550/arxiv.2505.12238,,not_selected
POOL-0214,10.1109/saner64311.2025.00062,,not_selected
POOL-0215,10.48550/arxiv.2512.15466,,not_selected
POOL-0216,10.1145/3722229,,not_selected
POOL-0217,10.1109/mipro65660.2025.11132057,,not_selected
POOL-0218,10.1109/mrai65197.2025.11135756,,not_selected
POOL-0219,10.18653/v1/2025.naacl-short.79,,not_selected
POOL-0220,10.5753/sbes.2025.9603,,not_selected
POOL-0221,10.48550/arxiv.2502.20747,,not_selected
POOL-0222,10.48550/arxiv.2508.14146,,not_selected
POOL-0223,10.51983/ijiss-2025.ijiss.15.2.46,,not_selected
POOL-0224,10.1051/epjconf/202533701066,,not_selected
POOL-0225,,10.48550/arxiv.2505.18942,apply
POOL-0226,10.1007/978-3-032-09318-9_24,,not_selected
POOL-0227,10.1109/icpc66645.2025.00052,,not_selected
POOL-0228,10.1145/3822177,,not_selected
POOL-0229,10.1109/ase63991.2025.00245,,not_selected
POOL-0230,10.1145/3817606,,not_selected
POOL-0231,10.1109/gcet68529.2025.11450900,,not_selected
POOL-0232,10.48550/arxiv.2509.19708,,not_selected
POOL-0233,10.1109/esem64174.2025.00054,,not_selected
POOL-0234,10.1109/iccpct65132.2025.11176641,,not_selected
POOL-0235,10.1109/mcte67374.2025.11213659,,not_selected
POOL-0236,10.1109/iscipt67144.2025.11265531,,not_selected
POOL-0237,10.22161/ijaems.112.1,,not_selected
POOL-0238,10.48550/arxiv.2504.16310,,not_selected
POOL-0239,10.1145/3756681.3756986,,not_selected
POOL-0240,10.71356/ijaia.v1.i2.65,,not_selected
POOL-0241,10.1109/ic-eeta66496.2025.11548285,,not_selected
POOL-0242,10.32473/flairs.38.1.139001,,not_selected
POOL-0243,10.1109/tse.2025.3621462,,not_selected
POOL-0244,10.1109/icercs65898.2025.11580587,,not_selected
POOL-0245,10.1109/chase66643.2025.00016,,not_selected
POOL-0246,10.48550/arxiv.2509.09714,,not_selected
POOL-0247,10.1007/s10664-025-10617-1,,not_selected
POOL-0248,10.1109/caibda65784.2025.11183380,,not_selected
POOL-0249,10.1109/msr66628.2025.00039,,not_selected
POOL-0250,10.48550/arxiv.2510.10290,,not_selected
POOL-0251,10.48550/arxiv.2509.12491,,not_selected
POOL-0252,10.48550/arxiv.2509.13650,,not_selected
POOL-0253,10.3390/ai7010006,,not_selected
POOL-0254,10.1145/3696630.3728518,,not_selected
POOL-0255,10.1109/esem64174.2025.00061,,not_selected
POOL-0256,10.52783/jisem.v10i40s.7541,,not_selected
POOL-0257,10.1109/csaia65930.2025.11623789,,not_selected
POOL-0258,10.48550/arxiv.2509.21170,,not_selected
POOL-0259,10.1109/cain66642.2025.00050,,not_selected
POOL-0260,10.1109/scam67354.2025.00012,,not_selected
POOL-0261,10.1109/snpd65828.2025.11253974,,not_selected
POOL-0262,10.48550/arxiv.2505.20206,,not_selected
POOL-0263,10.1007/978-981-95-4445-5_34,,not_selected
POOL-0264,10.32628/cseit25113329,,not_selected
POOL-0265,10.1109/forge66646.2025.00027,,not_selected
POOL-0266,10.1007/978-3-032-09318-9_25,,not_selected
POOL-0267,10.1145/3830405,,not_selected
POOL-0268,10.48550/arxiv.2503.15669,,not_selected
POOL-0269,10.1109/tse.2026.3688237,,not_selected
POOL-0270,10.48550/arxiv.2508.09676,,not_selected
POOL-0271,10.1145/3729265,,not_selected
POOL-0272,10.48550/arxiv.2507.21285,,not_selected
POOL-0273,10.31705/adscai.2025.53,,not_selected
POOL-0274,10.1109/iccta68914.2025.11520024,,not_selected
POOL-0275,10.1109/msr66628.2025.00038,,not_selected
POOL-0276,10.48550/arxiv.2512.23982,,not_selected
POOL-0277,10.48550/arxiv.2503.16167,,not_selected
POOL-0278,10.1007/s11390-025-5514-9,,not_selected
POOL-0279,10.48550/arxiv.2509.14856,,not_selected
POOL-0280,10.1007/s10515-025-00491-y,,not_selected
POOL-0281,10.1109/icecer65523.2025.11401087,,not_selected
POOL-0282,10.48550/arxiv.2509.04810,,not_selected
POOL-0283,10.48550/arxiv.2511.05302,,not_selected
POOL-0284,10.1109/iceidt66693.2025.11473608,,not_selected
POOL-0285,10.48550/arxiv.2512.21250,,not_selected
POOL-0286,10.1145/3789982.3790042,,not_selected
POOL-0287,10.48550/arxiv.2504.20673,,not_selected
POOL-0288,10.1109/cascon66301.2025.00068,,not_selected
POOL-0289,10.48550/arxiv.2506.00296,,not_selected
POOL-0290,10.1109/icpc66645.2025.00067,,not_selected
POOL-0291,10.1109/cai64502.2025.00113,,not_selected
POOL-0292,10.1109/issre66568.2025.00033,,not_selected
POOL-0293,10.1145/3696630.3728552,,not_selected
POOL-0294,10.1145/3803437.3805235,,not_selected
POOL-0295,10.48550/arxiv.2510.02634,,not_selected
POOL-0296,10.1109/icse-seip66354.2025.00043,,not_selected
POOL-0297,10.1109/isas66241.2025.11101776,,not_selected
POOL-0298,10.1109/icsme64153.2025.00061,,not_selected
POOL-0299,10.1145/3696630.3728618,,not_selected
POOL-0300,10.5753/sbes.2025.9921,,not_selected
POOL-0301,10.1145/3641555.3705061,,not_selected
POOL-0302,10.1016/j.scico.2025.103333,,not_selected
POOL-0303,10.1109/icarc64760.2025.10963005,,not_selected
POOL-0304,10.1109/ccai65422.2025.11189422,,not_selected
POOL-0305,10.1109/slaai-icai68534.2025.11318443,,not_selected
POOL-0306,10.21275/sr251115051642,,not_selected
POOL-0307,10.48550/arxiv.2507.19902,,not_selected
POOL-0308,10.1145/3721127,,not_selected
POOL-0309,10.1109/apsec66846.2025.00121,,not_selected
POOL-0310,10.1109/fmec65595.2025.11119365,,not_selected
POOL-0311,10.70315/uloap.ulirs.2025.0202006,,not_selected
POOL-0312,10.1145/3803437.3805217,,not_selected
POOL-0313,10.1109/iccr67387.2025.11291978,,not_selected
POOL-0314,10.48550/arxiv.2512.20164,,not_selected
POOL-0315,,,not_selected
POOL-0316,10.54097/d6775287,,not_selected
POOL-0317,10.48550/arxiv.2508.02732,,not_selected
POOL-0318,10.56038/oprd.v7i1.739,,not_selected
POOL-0319,10.1109/access.2025.3581139,,not_selected
POOL-0320,10.36647/ciml/05.02.a001,,not_selected
POOL-0321,,10.48550/arxiv.2505.13766,apply
POOL-0322,10.63282/3050-9262.ijaidsml-v5i3p126,,not_selected
POOL-0323,10.5753/vem.2024.3913,,not_selected
POOL-0324,10.1109/fie61694.2024.10893407,,not_selected
POOL-0325,10.1097/acm.0000000000005800,,not_selected
POOL-0326,10.1016/j.jmir.2024.02.021,,not_selected
POOL-0327,10.1111/bjet.13540,,not_selected
POOL-0328,10.1145/3691620.3695257,,not_selected
POOL-0329,10.32628/cseit24106197,,not_selected
POOL-0330,,10.48550/arxiv.2410.06949,apply
POOL-0331,10.1109/tse.2024.3428324,,not_selected
POOL-0332,10.4196/kjpp.2024.28.5.393,,not_selected
POOL-0333,10.1145/3643991.3645075,,not_selected
POOL-0334,10.48550/arxiv.2408.03354,,not_selected
POOL-0335,10.1007/978-3-031-60615-1_6,,not_selected
POOL-0336,10.1145/3712005,,not_selected
POOL-0337,10.1109/ms.2024.3428439,,not_selected
POOL-0338,10.48550/arxiv.2412.05288,,not_selected
POOL-0339,10.1145/3643787.3648036,,not_selected
POOL-0340,10.1109/icse55347.2025.00140,,not_selected
POOL-0341,10.1007/s10515-024-00451-y,,not_selected
POOL-0342,10.48550/arxiv.2411.10129,,not_selected
POOL-0343,10.48550/arxiv.2407.14049,,not_selected
POOL-0344,10.48550/arxiv.2407.16557,,not_selected
POOL-0345,10.1145/3691620.3695338,,not_selected
POOL-0346,10.1145/3661167.3661183,,not_selected
POOL-0347,10.1145/3696630.3728541,,not_selected
POOL-0348,10.1109/qrs-c63300.2024.00173,,not_selected
POOL-0349,10.48550/arxiv.2411.02310,,not_selected
POOL-0350,10.1080/13683500.2024.2417712,,not_selected
POOL-0351,10.1109/icse55347.2025.00146,,not_selected
POOL-0352,10.1145/3756681.3756985,,not_selected
POOL-0353,10.1145/3661167.3661218,,not_selected
POOL-0354,10.1109/mipro60963.2024.10569820,,not_selected
POOL-0355,10.48550/arxiv.2407.00215,,not_selected
POOL-0356,10.1145/3779056,,not_selected
POOL-0357,10.63282/3050-9416.ijaibdcms-v5i4p125,,not_selected
POOL-0358,10.46647/ijetms.2024.v08i03.019,,not_selected
POOL-0359,10.1145/3643991.3644910,,not_selected
POOL-0360,10.48550/arxiv.2411.07091,,not_selected
POOL-0361,10.1145/3643991.3645081,,not_selected
POOL-0362,10.1145/3626253.3635356,,not_selected
POOL-0363,10.1109/scam63643.2024.00031,,not_selected
POOL-0364,,,not_selected
POOL-0365,10.1016/j.infsof.2024.107523,,not_selected
POOL-0366,10.1145/3695993,,not_selected
POOL-0367,10.1007/s10515-024-00469-2,,not_selected
POOL-0368,10.1109/saner64311.2025.00070,,not_selected
POOL-0369,10.1145/3709358,,not_selected
POOL-0370,10.1145/3701625.3701650,,not_selected
POOL-0371,10.48550/arxiv.2408.05006,,not_selected
POOL-0372,10.14742/apubs.2024.1446,,not_selected
POOL-0373,10.48550/arxiv.2412.20340,,not_selected
POOL-0374,10.48550/arxiv.2412.18291,,not_selected
POOL-0375,10.1109/icse55347.2025.00060,,not_selected
POOL-0376,10.1109/cseet62301.2024.10663028,,not_selected
POOL-0377,10.48550/arxiv.2402.01411,,not_selected
POOL-0378,10.48550/arxiv.2402.02172,,not_selected
POOL-0379,10.18653/v1/2024.emnlp-main.632,,not_selected
POOL-0380,10.1109/tse.2023.3348172,,not_selected
POOL-0381,10.48550/arxiv.2412.15676,,not_selected
POOL-0382,10.1109/bigdata62323.2024.10825949,,not_selected
POOL-0383,10.1109/csit65290.2024.10982613,,not_selected
POOL-0384,10.14742/apubs.2024.1152,,not_selected
POOL-0385,10.1109/cbase64041.2024.10824407,,not_selected
POOL-0386,10.48550/arxiv.2409.19801,,not_selected
POOL-0387,10.48550/arxiv.2408.08453,,not_selected
POOL-0388,10.1145/3650212.3680328,,not_selected
POOL-0389,10.5753/sbsc.2024.237740,,not_selected
POOL-0390,10.1145/3644815.3644981,,not_selected
POOL-0391,10.48550/arxiv.2404.10703,,not_selected
POOL-0392,,10.48550/arxiv.2401.16310,apply
POOL-0393,10.1145/3660806,,not_selected
POOL-0394,10.48550/arxiv.2405.19265,,not_selected
POOL-0395,10.48550/arxiv.2404.18496,,not_selected
POOL-0396,10.1109/sparc61891.2024.10829223,,not_selected
POOL-0397,10.1109/icwite59797.2024.10503540,,not_selected
POOL-0398,10.1145/3664646.3665664,,not_selected
POOL-0399,10.32628/ijsrset24118043,,not_selected
POOL-0400,10.1145/3800963,,not_selected
POOL-0401,10.1109/icosse62619.2024.00014,,not_selected
POOL-0402,10.32628/cseit24103204,,not_selected
POOL-0403,10.48550/arxiv.2407.04722,,not_selected
POOL-0404,10.1109/csci62032.2023.00270,,not_selected
POOL-0405,,10.48550/arxiv.2306.08616,apply
POOL-0406,10.48550/arxiv.2312.17485,,not_selected
POOL-0407,10.1145/3697009,,not_selected
POOL-0408,10.1109/apsec60848.2023.00056,,not_selected
POOL-0409,,10.48550/arxiv.2308.11082,apply
POOL-0410,10.1007/978-3-031-46002-9_23,,not_selected
POOL-0411,10.1109/issre59848.2023.00026,,not_selected
POOL-0412,10.32628/ijsrst2221192,,not_selected
POOL-0413,10.15680/ijirset.2023.1209004,,not_selected
POOL-0414,10.1145/3708518,,not_selected
POOL-0415,10.48550/arxiv.2311.09020,,not_selected
POOL-0416,10.21275/sr24716230727,,not_selected
POOL-0417,,10.48550/arxiv.2304.07840,apply
POOL-0418,10.1109/csce60160.2023.00051,,not_selected
POOL-0419,10.63282/3050-9246.ijetcsit-v4i2p124,,not_selected
POOL-0420,10.48550/arxiv.2305.16837,,not_selected
POOL-0421,10.1080/10447318.2023.2269006,,not_selected
POOL-0422,10.1109/apsec60848.2023.00085,,not_selected
POOL-0423,10.48550/arxiv.2307.12488,,not_selected
POOL-0424,10.48550/arxiv.2304.07840,,not_selected
POOL-0425,10.70528/ijlrp.v4.i3.1541,,not_selected
POOL-0426,10.1145/3551349.3556955,,not_selected
POOL-0427,10.1145/3793302.3793348,,not_selected
POOL-0428,10.1145/3793302.3793622,,not_selected
POOL-0429,10.1145/3793302.3793352,,not_selected
POOL-0430,10.1145/3786164,,not_selected
POOL-0431,10.1145/3793302,,not_selected
POOL-0432,10.1145/3793302.3793335,,not_selected
POOL-0433,10.1145/3794763,,not_selected
POOL-0434,10.1145/3821162.3821169,,not_selected
POOL-0435,10.1145/3785462,,not_selected
POOL-0436,10.1145/3821162,,not_selected
POOL-0437,10.1145/3793655.3793736,,not_selected
POOL-0438,10.1145/3793655.3793739,,not_selected
POOL-0439,10.1145/3793655.3793733,,not_selected
POOL-0440,10.1145/3793655,,not_selected
POOL-0441,10.1145/3799825.3818771,,not_selected
POOL-0442,10.1145/3799825,,not_selected
POOL-0443,10.1145/3803437.3805220,,not_selected
POOL-0444,10.1145/3803437.3805552,,not_selected
POOL-0445,10.1145/3803437.3805259,,not_selected
POOL-0446,10.1145/3803437.3805586,,not_selected
POOL-0447,10.1145/3803437.3805551,,not_selected
POOL-0448,10.1145/3803437.3805234,,not_selected
POOL-0449,10.1145/3783993,,not_selected
POOL-0450,10.1145/3785010,,not_selected
POOL-0451,10.1145/3822603,,not_selected
POOL-0452,10.1145/3828168,,not_selected
POOL-0453,10.1145/3831585,,not_selected
POOL-0454,10.1145/3786580.3786990,,not_selected
POOL-0455,10.1145/3786580,,not_selected
POOL-0456,10.1145/3786583.3786872,,not_selected
POOL-0457,10.1145/3771930,,not_selected
POOL-0458,10.1145/3786583.3786881,,not_selected
POOL-0459,10.1145/3786583,,not_selected
POOL-0460,10.1145/3786171,,not_selected
POOL-0461,10.1145/3786582,,not_selected
POOL-0462,10.1145/3786581,,not_selected
POOL-0463,10.1145/3786181,,not_selected
POOL-0464,10.1145/3805760.3814911,,not_selected
POOL-0465,10.1145/3803846,,not_selected
POOL-0466,10.1145/3805760,,not_selected
POOL-0467,10.1145/3786175,,not_selected
POOL-0468,10.1145/3786172,,not_selected
POOL-0469,10.1145/3808150,,not_selected
POOL-0470,10.1145/3808168,,not_selected
POOL-0471,10.1145/3786152.3788588,,not_selected
POOL-0472,10.1145/3786152,,not_selected
POOL-0473,10.1145/3793654,,not_selected
POOL-0474,10.1145/3805689,,not_selected
POOL-0475,10.1145/3765611,,not_selected
POOL-0476,10.1145/3821432,,not_selected
POOL-0477,10.1145/3821215,,not_selected
POOL-0478,10.1145/3770581,,not_selected
POOL-0479,10.1145/3769864,,not_selected
POOL-0480,10.1145/3814987,,not_selected
POOL-0481,10.1145/3811544,,not_selected
POOL-0482,10.1145/3800645,,not_selected
POOL-0483,10.1145/3811874.3812123,,not_selected
POOL-0484,10.1145/3811874,,not_selected
POOL-0485,10.1145/3779208.3785380,,not_selected
POOL-0486,10.1145/3779208,,not_selected
POOL-0487,10.1145/3806980,,not_selected
POOL-0488,10.1145/3786151,,not_selected
POOL-0489,10.1145/3786154,,not_selected
POOL-0490,10.1145/3786180,,not_selected
POOL-0491,10.1145/3797246,,not_selected
POOL-0492,10.1145/3786335.3813139,,not_selected
POOL-0493,10.1145/3786335,,not_selected
POOL-0494,10.1145/3786167.3788413,,not_selected
POOL-0495,10.1145/3786167,,not_selected
POOL-0496,10.1145/3803869,,not_selected
POOL-0497,10.1145/3786161.3788459,,not_selected
POOL-0498,10.1145/3786161,,not_selected
POOL-0499,10.1145/3786160.3788471,,not_selected
POOL-0500,10.1145/3786160,,not_selected
POOL-0501,10.1145/3799457,,not_selected
POOL-0502,10.1145/3765752,,not_selected
POOL-0503,10.1145/3749370,,not_selected
POOL-0504,10.1145/3801978,,not_selected
POOL-0505,10.1145/3789982.3790043,,not_selected
POOL-0506,10.1145/3789982,,not_selected
POOL-0507,10.1145/3802133.3802243,,not_selected
POOL-0508,10.1145/3802133,,not_selected
POOL-0509,10.1145/3796563.3796605,,not_selected
POOL-0510,10.1145/3796563,,not_selected
POOL-0511,10.1145/3786183,,not_selected
POOL-0512,10.1145/3809494,,not_selected
POOL-0513,10.1145/3795546,,not_selected
POOL-0514,10.1145/3785022,,not_selected
POOL-0515,10.1145/3787279,,not_selected
POOL-0516,10.1145/3802607,,not_selected
POOL-0517,10.1145/3748506,,not_selected
POOL-0518,10.1145/3750039,,not_selected
POOL-0519,10.1145/3799830.3799878,,not_selected
POOL-0520,10.1145/3799830,,not_selected
POOL-0521,10.1145/3797552,,not_selected
POOL-0522,10.1145/3770854.3783949,,not_selected
POOL-0523,10.1145/3770854.3780238,,not_selected
POOL-0524,10.1145/3772318.3790760,,not_selected
POOL-0525,10.1145/3772318.3790622,,not_selected
POOL-0526,10.1145/3772363.3798558,,not_selected
POOL-0527,10.1145/3772318.3791271,,not_selected
POOL-0528,10.1145/3772318.3791506,,not_selected
POOL-0529,10.1145/3772318.3791176,,not_selected
POOL-0530,10.1145/3772318.3791428,,not_selected
POOL-0531,10.1145/3801119,,not_selected
POOL-0532,10.1145/3779657,,not_selected
POOL-0533,10.1145/3737841,,not_selected
POOL-0534,10.1145/3796728,,not_selected
POOL-0535,10.1145/3803431,,not_selected
POOL-0536,10.1145/3742413.3789088,,not_selected
POOL-0537,10.1145/3742413,,not_selected
POOL-0538,10.1145/3789037,,not_selected
POOL-0539,10.1145/3787330.3787352,,not_selected
POOL-0540,10.1145/3787330,,not_selected
POOL-0541,10.1145/3786228,,not_selected
POOL-0542,10.1145/3747180,,not_selected
POOL-0543,10.1145/3800957,,not_selected
POOL-0544,10.1145/3796507,,not_selected
POOL-0545,10.1145/3800582,,not_selected
POOL-0546,10.1145/3800580,,not_selected
POOL-0547,10.1145/3799693,,not_selected
POOL-0548,10.1145/3799717,,not_selected
POOL-0549,10.1145/3797277,,not_selected
POOL-0550,10.1145/3795887,,not_selected
POOL-0551,10.1145/3797896,,not_selected
POOL-0552,10.1145/3777490,,not_selected
POOL-0553,10.1145/3747347,,not_selected
POOL-0554,10.1145/3760545.3783970,,not_selected
POOL-0555,10.1145/3796522,,not_selected
POOL-0556,10.1145/3795692,,not_selected
POOL-0557,10.1145/3788879,,not_selected
POOL-0558,10.1145/3774934,,not_selected
POOL-0559,10.1145/3743133,,not_selected
POOL-0560,10.1145/3747588,,not_selected
POOL-0561,10.1145/3731752,,not_selected
POOL-0562,10.1145/3785706,,not_selected
POOL-0563,10.1145/3777867,,not_selected
POOL-0564,10.1145/3772074,,not_selected
POOL-0565,10.1145/3786790,,not_selected
POOL-0566,10.1145/3765766.3765803,,not_selected
POOL-0567,10.1145/3765766,,not_selected
POOL-0568,10.1145/3769694.3771150,,not_selected
POOL-0569,10.1145/3769694,,not_selected
POOL-0570,10.1145/3756681.3756987,,not_selected
POOL-0571,10.1145/3756681.3756988,,not_selected
POOL-0572,10.1145/3756681.3756984,,not_selected
POOL-0573,10.1145/3756681,,not_selected
POOL-0574,10.1145/3756681.3756977,,not_selected
POOL-0575,10.1145/3756681.3756938,,not_selected
POOL-0576,10.1145/3727967,,not_selected
POOL-0577,10.1145/3750720,,not_selected
POOL-0578,10.1145/3773365,,not_selected
POOL-0579,10.1145/3775073,,not_selected
POOL-0580,10.1145/3748699.3749805,,not_selected
POOL-0581,10.1145/3748699,,not_selected
POOL-0582,10.1145/3768421.3768449,,not_selected
POOL-0583,10.1145/3768421,,not_selected
POOL-0584,10.1145/3768184,,not_selected
POOL-0585,10.1145/3766557,,not_selected
POOL-0586,10.1145/3719027.3744881,,not_selected
POOL-0587,10.1145/3719027,,not_selected
POOL-0588,10.1145/3731599,,not_selected
POOL-0589,10.1145/3769994,,not_selected
POOL-0590,10.5555/3799943.3799970,,not_selected
POOL-0591,10.1145/3765325,,not_selected
POOL-0592,10.1145/3755881.3755921,,not_selected
POOL-0593,10.1145/3755881,,not_selected
POOL-0594,10.1145/3663547.3759716,,not_selected
POOL-0595,10.1145/3663547,,not_selected
POOL-0596,10.1145/3736731,,not_selected
POOL-0597,10.1145/3736181,,not_selected
POOL-0598,10.1145/3757418,,not_selected
POOL-0599,10.1145/3759425.3763383,,not_selected
POOL-0600,10.1145/3771282,,not_selected
POOL-0601,10.1145/3758317,,not_selected
POOL-0602,10.1145/3759425,,not_selected
POOL-0603,10.1145/3764579,,not_selected
POOL-0604,10.1145/3719345,,not_selected
POOL-0605,10.1145/3746059.3747652,,not_selected
POOL-0606,10.1145/3746059,,not_selected
POOL-0607,10.1145/3731806,,not_selected
POOL-0608,10.1109/icse55347.2025.00035,,not_selected
POOL-0609,10.1109/icse55347.2025.00082,,not_selected
POOL-0610,10.1109/icse55347.2025.00191,,not_selected
POOL-0611,10.1109/icse55347.2025.00175,,not_selected
POOL-0612,10.1109/icse55347.2025.00091,,not_selected
POOL-0613,10.1109/icse55347.2025.00024,,not_selected
POOL-0614,10.1109/icse55347.2025.00080,,not_selected
POOL-0615,10.1109/icse55347.2025.00100,,not_selected
POOL-0616,10.1145/3720538,,not_selected
POOL-0617,10.1145/3746469,,not_selected
POOL-0618,10.1145/3708821,,not_selected
POOL-0619,10.1145/3722107,,not_selected
POOL-0620,10.1145/3715909,,not_selected
POOL-0621,10.1145/3721128,,not_selected
POOL-0622,10.1145/3715108,,not_selected
POOL-0623,10.1145/3745238,,not_selected
POOL-0624,10.1145/3696630.3728542,,not_selected
POOL-0625,10.1145/3696630.3728602,,not_selected
POOL-0626,10.1145/3696630.3728511,,not_selected
POOL-0627,10.1145/3696630.3728551,,not_selected
POOL-0628,10.1145/3696630.3728549,,not_selected
POOL-0629,10.1145/3696630.3727247,,not_selected
POOL-0630,10.1145/3735091,,not_selected
POOL-0631,10.1145/3734947.3735667,,not_selected
POOL-0632,10.1145/3734947,,not_selected
POOL-0633,10.1145/3708035,,not_selected
POOL-0634,10.1145/3730436,,not_selected
POOL-0635,10.1145/3726302,,not_selected
POOL-0636,10.1145/3719160.3735657,,not_selected
POOL-0637,10.1145/3719160,,not_selected
POOL-0638,10.1145/3715336,,not_selected
POOL-0639,10.1145/3712195,,not_selected
POOL-0640,10.1145/3724363,,not_selected
POOL-0641,10.1145/3732365.3732410,,not_selected
POOL-0642,10.1145/3732365,,not_selected
POOL-0643,10.1145/3732945,,not_selected
POOL-0644,10.1145/3728890,,not_selected
POOL-0645,10.1145/3729176,,not_selected
POOL-0646,10.1145/3732775.3733572,,not_selected
POOL-0647,10.1145/3729405,,not_selected
POOL-0648,10.1145/3729366,,not_selected
POOL-0649,10.1145/3715730,,not_selected
POOL-0650,10.1145/3724363.3729070,,not_selected
POOL-0651,10.1145/3679240,,not_selected
POOL-0652,10.1145/3735544,,not_selected
POOL-0653,10.1145/3714393,,not_selected
POOL-0654,10.1145/3723010,,not_selected
POOL-0655,10.1145/3719006,,not_selected
POOL-0656,10.1145/3709353,,not_selected
POOL-0657,10.1145/3731559,,not_selected
POOL-0658,10.1145/3714464,,not_selected
POOL-0659,10.1145/3715669,,not_selected
POOL-0660,10.1145/3708519,,not_selected
POOL-0661,10.1145/3712003,,not_selected
POOL-0662,10.1145/3672608.3707798,,not_selected
POOL-0663,10.1145/3711032,,not_selected
POOL-0664,10.1145/3705300,,not_selected
POOL-0665,10.1145/3712190,,not_selected
POOL-0666,10.1145/3708635,,not_selected
POOL-0667,10.1145/3706598.3713644,,not_selected
POOL-0668,10.1145/3706598.3713485,,not_selected
POOL-0669,10.1145/3706598.3715579,,not_selected
POOL-0670,10.1145/3706598.3714327,,not_selected
POOL-0671,10.1145/3717383,,not_selected
POOL-0672,10.1145/3720488,,not_selected
POOL-0673,10.1145/3716640.3716657,,not_selected
POOL-0674,10.1145/3716640,,not_selected
POOL-0675,10.5555/3737313.3737334,,not_selected
POOL-0676,10.1145/3676641,,not_selected
POOL-0677,10.1145/3689031,,not_selected
POOL-0678,10.1145/3701551.3703563,,not_selected
POOL-0679,10.1145/3701551,,not_selected
POOL-0680,10.1145/3711403.3711450,,not_selected
POOL-0681,10.1145/3711403,,not_selected
POOL-0682,10.1145/3714334,,not_selected
POOL-0683,10.1145/3706468,,not_selected
POOL-0684,10.1145/3710848,,not_selected
POOL-0685,10.1145/3708468,,not_selected
POOL-0686,10.1145/3641554.3701799,,not_selected
POOL-0687,10.1145/3641554,,not_selected
POOL-0688,10.1145/3641555,,not_selected
POOL-0689,10.1145/3704289.3704301,,not_selected
POOL-0690,10.1145/3704289,,not_selected
POOL-0691,10.1145/3689187.3709614,,not_selected
POOL-0692,10.1145/3689187,,not_selected
POOL-0693,10.1145/3702163,,not_selected
POOL-0694,10.1145/3695996,,not_selected
POOL-0695,10.1145/3701198,,not_selected
POOL-0696,10.1145/3702386,,not_selected
POOL-0697,10.1145/3701625.3701637,,not_selected
POOL-0698,10.1145/3701625,,not_selected
POOL-0699,10.1145/3698322,,not_selected
POOL-0700,10.1145/3658644.3690338,,not_selected
POOL-0701,10.1145/3658644,,not_selected
POOL-0702,10.1145/3700906,,not_selected
POOL-0703,10.1145/3695988,,not_selected
POOL-0704,10.1145/3689236,,not_selected
POOL-0705,10.1145/3674731,,not_selected
POOL-0706,10.1145/3700297.3700342,,not_selected
POOL-0707,10.1145/3700297,,not_selected
POOL-0708,10.1145/3689535,,not_selected
POOL-0709,10.1145/3675888,,not_selected
POOL-0710,10.1145/3691620.3695010,,not_selected
POOL-0711,10.1145/3691620.3695291,,not_selected
POOL-0712,10.1145/3691620.3695529,,not_selected
POOL-0713,10.1145/3691620.3695025,,not_selected
POOL-0714,10.1145/3691620.3695508,,not_selected
POOL-0715,10.1145/3674805,,not_selected
POOL-0716,10.1145/3687997,,not_selected
POOL-0717,10.1145/3679318,,not_selected
POOL-0718,10.1145/3691720,,not_selected
POOL-0719,10.1145/3640457.3688060,,not_selected
POOL-0720,10.1145/3689794,,not_selected
POOL-0721,10.1145/3640457,,not_selected
POOL-0722,10.5555/3715602.3715612,,not_selected
POOL-0723,10.1145/3691573,,not_selected
POOL-0724,10.1109/ase56229.2023.00143,,not_selected
POOL-0725,10.1109/ase56229.2023.00103,,not_selected
POOL-0726,10.1109/ase56229.2023.00116,,not_selected
POOL-0727,10.1109/ase56229.2023.00078,,not_selected
POOL-0728,10.1109/ase56229.2023.00199,,not_selected
POOL-0729,10.1145/3640310,,not_selected
POOL-0730,10.1145/3650212.3680347,,not_selected
POOL-0731,10.1145/3650212.3680353,,not_selected
POOL-0732,10.1145/3650212.3680305,,not_selected
POOL-0733,10.1145/3650212,,not_selected
POOL-0734,10.1145/3643787,,not_selected
POOL-0735,10.1145/3643690,,not_selected
POOL-0736,10.1145/3643664.3648207,,not_selected
POOL-0737,10.1145/3643664,,not_selected
POOL-0738,10.1145/3643796,,not_selected
POOL-0739,10.1145/3687251.3687253,,not_selected
POOL-0740,10.1145/3643667,,not_selected
POOL-0741,10.1145/3664476,,not_selected
POOL-0742,10.1145/3643660,,not_selected
POOL-0743,10.1145/3671016,,not_selected
POOL-0744,10.1145/3671151,,not_selected
POOL-0745,10.1145/3626203,,not_selected
POOL-0746,10.1145/3638529,,not_selected
POOL-0747,10.1145/3643775,,not_selected
POOL-0748,10.1145/3660814,,not_selected
POOL-0749,10.1145/3660767,,not_selected
POOL-0750,10.1145/3660826,,not_selected
POOL-0751,10.1145/3660773,,not_selected
POOL-0752,10.1145/3643762,,not_selected
POOL-0753,10.1145/3643757,,not_selected
POOL-0754,10.1145/3641525,,not_selected
POOL-0755,10.1145/3664646.3664772,,not_selected
POOL-0756,10.1145/3664646,,not_selected
POOL-0757,10.1145/3663529.3663839,,not_selected
POOL-0758,10.1145/3663529,,not_selected
POOL-0759,10.1145/3660829,,not_selected
POOL-0760,10.1145/3649405,,not_selected
POOL-0761,10.1145/3640794,,not_selected
POOL-0762,10.1145/3649921,,not_selected
POOL-0763,10.1145/3649217,,not_selected
POOL-0764,10.1145/3643991.3648400,,not_selected
POOL-0765,10.1145/3643991,,not_selected
POOL-0766,10.1145/3634737,,not_selected
POOL-0767,10.1145/3663365,,not_selected
POOL-0768,10.1145/3649593,,not_selected
POOL-0769,10.1145/3652037.3663918,,not_selected
POOL-0770,10.1145/3652037,,not_selected
POOL-0771,10.1145/3660650,,not_selected
POOL-0772,10.1145/3653718,,not_selected
POOL-0773,10.1145/3661167.3661210,,not_selected
POOL-0774,10.1145/3661167,,not_selected
POOL-0775,10.1145/3643916,,not_selected
POOL-0776,10.1145/3650105.3652300,,not_selected
POOL-0777,10.1145/3650105,,not_selected
POOL-0778,10.1145/3644815,,not_selected
POOL-0779,10.1145/3643915.3644088,,not_selected
POOL-0780,10.1145/3643915,,not_selected
POOL-0781,10.1145/3639475,,not_selected
POOL-0782,10.1145/3649902,,not_selected
POOL-0783,10.1145/3639477.3639746,,not_selected
POOL-0784,10.1145/3639477.3639745,,not_selected
POOL-0785,10.1145/3639477,,not_selected
POOL-0786,10.1145/3651655.3651658,,not_selected
POOL-0787,10.1145/3651655,,not_selected
POOL-0788,10.1145/3639474,,not_selected
POOL-0789,10.1145/3639478,,not_selected
POOL-0790,10.1145/3605098,,not_selected
POOL-0791,10.1145/3597503,,not_selected
POOL-0792,10.1145/3613904.3642700,,not_selected
POOL-0793,10.1145/3613905,,not_selected
POOL-0794,10.1145/3613904,,not_selected
POOL-0795,10.1145/3629527,,not_selected
POOL-0796,10.1145/3603287,,not_selected
POOL-0797,10.1145/3627703,,not_selected
POOL-0798,10.1145/3597503.3639194,,not_selected
POOL-0799,10.1145/3597503.3639155,,not_selected
POOL-0800,10.1145/3634814,,not_selected
POOL-0801,10.1145/3632746,,not_selected
POOL-0802,10.1145/3626253,,not_selected
POOL-0803,10.1145/3625007,,not_selected
POOL-0804,10.1145/3626252.3630817,,not_selected
POOL-0805,10.1145/3626252.3630880,,not_selected
POOL-0806,10.1145/3626252,,not_selected
POOL-0807,10.1145/3632754.3632770,,not_selected
POOL-0808,10.1145/3632754,,not_selected
POOL-0809,10.1145/3597503.3623326,,not_selected
POOL-0810,10.1145/3597503.3623306,,not_selected
POOL-0811,10.5555/3643142,,not_selected
POOL-0812,10.1145/3636243,,not_selected
POOL-0813,10.1145/3623762.3633499,,not_selected
POOL-0814,10.1145/3623762,,not_selected
POOL-0815,10.1145/3631974,,not_selected
POOL-0816,10.1145/3627217,,not_selected
POOL-0817,10.1145/3576882,,not_selected
POOL-0818,10.1145/3611643.3616350,,not_selected
POOL-0819,10.1145/3611643.3613892,,not_selected
POOL-0820,10.1145/3611643.3613895,,not_selected
POOL-0821,10.1145/3611643.3616289,,not_selected
POOL-0822,10.1145/3611643,,not_selected
POOL-0823,10.1145/3605770,,not_selected
POOL-0824,10.1145/3615886,,not_selected
POOL-0825,10.1145/3586183,,not_selected
POOL-0826,10.1145/3624032,,not_selected
POOL-0827,10.1145/3607199,,not_selected
POOL-0828,10.1145/3568813.3600138,,not_selected
POOL-0829,10.1145/3568813,,not_selected
POOL-0830,10.5555/3606013,,not_selected
POOL-0831,10.1109/icse48619.2023.00205,,not_selected
POOL-0832,10.5555/3606010,,not_selected
POOL-0833,10.1145/3605157,,not_selected
POOL-0834,10.1145/3597926.3598067,,not_selected
POOL-0835,10.1145/3597926,,not_selected
POOL-0836,10.1145/3598469,,not_selected
POOL-0837,10.1145/3593663,,not_selected
POOL-0838,10.1145/3593434,,not_selected
POOL-0839,10.1145/3589996,,not_selected
POOL-0840,10.1145/3544548,,not_selected
POOL-0841,10.1145/3545945.3569759,,not_selected
POOL-0842,10.1145/3560905,,not_selected
POOL-0843,10.1145/3551349,,not_selected
POOL-0844,10.1145/3540250,,not_selected
POOL-0845,,,not_selected
POOL-0846,,10.1109/apsec65559.2024.00023,apply
POOL-0847,,10.1109/mc.2026.3696017,apply
POOL-0848,,10.1109/apsec65559.2024.00061,apply
POOL-0849,,10.1109/iceccc65144.2025.11064209,apply
POOL-0850,,,not_selected
POOL-0851,,,not_selected
POOL-0852,,10.1109/tse.2025.3543187,apply
POOL-0853,,,not_selected
POOL-0854,,,not_selected
POOL-0855,,10.1109/vl/hcc60511.2024.00014,apply
POOL-0856,,10.1109/scse65633.2025.11031000,apply
POOL-0857,,10.23919/cnsm62983.2024.10814636,apply
POOL-0858,,,not_selected
POOL-0859,,,not_selected
POOL-0860,,10.13052/jwe1540-9589.2535,apply
POOL-0861,,,not_selected
POOL-0862,,,not_selected
POOL-0863,,10.1109/icaic67076.2026.11395881,apply
POOL-0864,,10.1109/southeastcon63549.2026.11476061,apply
POOL-0865,,10.1109/mcse.2026.3661610,apply
POOL-0866,,,not_selected
POOL-0867,,10.1109/tlt.2024.3396735,apply
POOL-0868,,10.1109/icidca66325.2025.11280467,apply
POOL-0869,,10.1109/access.2024.3449106,apply
POOL-0870,,10.1109/iccns66249.2025.11428688,apply
POOL-0871,,,not_selected
POOL-0872,,10.1109/access.2026.3696573,apply
POOL-0873,,10.1109/access.2026.3695435,apply
POOL-0874,,,not_selected
POOL-0875,,,not_selected
POOL-0876,,10.1016/j.jss.2026.113049,apply
POOL-0877,,10.1016/j.amepre.2026.108379,apply
POOL-0878,,10.1016/j.autcon.2026.106997,apply
POOL-0879,,10.1016/j.jcrimjus.2026.102692,apply
POOL-0880,,10.1016/j.jss.2025.112717,apply
POOL-0881,,10.1016/j.eswa.2024.126357,apply
POOL-0882,,,not_selected
POOL-0883,,10.1016/j.neucom.2026.133741,apply
POOL-0884,,,not_selected
POOL-0885,,,not_selected
POOL-0886,,10.1016/j.jmsy.2026.04.027,apply
POOL-0887,,10.1016/j.ipm.2026.104815,apply
POOL-0888,,10.1016/j.jisa.2026.104390,apply
POOL-0889,,,not_selected
POOL-0890,,10.1016/j.jss.2026.112834,apply
POOL-0891,,10.1016/j.eswa.2025.130991,apply
POOL-0892,,10.1007/s40593-025-00505-6,apply
POOL-0893,,10.32604/cmc.2026.077367,apply
POOL-0894,,,not_selected
POOL-0895,,10.1007/s40593-025-00479-5,apply
POOL-0896,,10.1016/j.ipm.2025.104580,apply
POOL-0897,,,not_selected
POOL-0898,,,not_selected
POOL-0899,,10.1016/j.infsof.2025.107831,apply
POOL-0900,,10.1016/j.jss.2025.112760,apply
POOL-0901,,10.1016/j.iot.2025.101735,apply
POOL-0902,,,not_selected
POOL-0903,,10.1039/d5dd00306g,apply
POOL-0904,,10.1016/j.compmedimag.2025.102581,apply
POOL-0905,,10.32604/cmc.2025.061185,apply
POOL-0906,,10.32604/cmc.2025.059696,apply
POOL-0907,,10.1016/j.infsof.2024.107661,apply
POOL-0908,,10.1016/j.aei.2025.103246,apply
POOL-0909,,10.1016/j.infsof.2025.107707,apply
POOL-0910,,10.1016/j.jenvman.2025.124373,apply
POOL-0911,,10.1016/j.jval.2025.09.2868,apply
POOL-0912,,10.2196/74231,apply
POOL-0913,,,not_selected
POOL-0914,,10.1016/j.jss.2025.112406,apply
POOL-0915,,10.1016/j.engappai.2024.109291,apply
POOL-0916,,,not_selected
POOL-0917,,,not_selected
POOL-0918,,10.1016/j.cola.2026.101396,apply
POOL-0919,,10.1016/j.jvir.2024.12.465,apply
POOL-0920,,,not_selected
POOL-0921,,10.1016/j.procs.2026.07.117,apply
POOL-0922,,,not_selected
POOL-0923,,10.1016/j.jss.2026.112989,apply
POOL-0924,,,not_selected
POOL-0925,,10.1016/j.net.2026.104524,apply
POOL-0926,,10.1016/j.infsof.2024.107490,apply
POOL-0927,,10.1016/j.artmed.2025.103187,apply
POOL-0928,,,not_selected
POOL-0929,,,not_selected
POOL-0930,,10.1016/j.jss.2026.113036,apply
POOL-0931,,,not_selected
POOL-0932,,,not_selected
POOL-0933,,10.1016/j.engappai.2026.114865,apply
POOL-0934,,10.1016/j.ijmedinf.2026.106605,apply
POOL-0935,,10.1016/j.scico.2026.103446,apply
POOL-0936,,10.1016/j.chbah.2026.100278,apply
POOL-0937,,,not_selected
POOL-0938,,,not_selected
POOL-0939,,10.1016/j.acalib.2026.103273,apply
POOL-0940,,10.1016/j.jposna.2026.100433,apply
POOL-0941,,,not_selected
POOL-0942,,10.32604/cmc.2025.068137,apply
POOL-0943,,10.1016/j.scico.2026.103530,apply
POOL-0944,,,not_selected
POOL-0945,,,not_selected
POOL-0946,,10.1016/j.infsof.2026.108018,apply
POOL-0947,,10.1016/j.cola.2026.101403,apply
POOL-0948,,,not_selected
POOL-0949,,10.1016/j.jiixd.2026.07.002,apply
POOL-0950,,10.1016/j.array.2025.100547,apply
POOL-0951,,10.1016/j.future.2026.108587,apply
POOL-0952,,10.32604/cmc.2026.080737,apply
POOL-0953,,,not_selected
POOL-0954,,10.1016/j.inffus.2026.104241,apply
POOL-0955,,10.1016/j.tsc.2026.102307,apply
POOL-0956,,,not_selected
POOL-0957,,10.1016/j.asoc.2026.116127,apply
POOL-0958,,,not_selected
POOL-0959,,,not_selected
POOL-0960,,10.1016/j.tbench.2025.100204,apply
POOL-0961,,,not_selected
POOL-0962,,10.1016/j.jss.2026.112862,apply
POOL-0963,,,not_selected
POOL-0964,,10.1016/j.infsof.2026.108184,apply
POOL-0965,,10.1016/j.procs.2025.09.204,apply
POOL-0966,,10.1016/j.jss.2026.113009,apply
POOL-0967,,,not_selected
POOL-0968,,10.1016/j.matt.2025.102577,apply
POOL-0969,,,not_selected
POOL-0970,,10.1016/j.caeo.2026.100374,apply
POOL-0971,,,not_selected
POOL-0972,,10.1016/j.infsof.2025.107757,apply
POOL-0973,,10.1016/j.jpi.2026.100687,apply
POOL-0974,,,not_selected
POOL-0975,,,not_selected
POOL-0976,,10.1016/j.array.2026.100979,apply
POOL-0977,,,not_selected
POOL-0978,,,not_selected
POOL-0979,,,not_selected
POOL-0980,,10.1016/j.jss.2026.112854,apply
POOL-0981,,10.1016/j.infsof.2026.108096,apply
POOL-0982,,10.1108/josm-04-2025-0165,apply
POOL-0983,,10.1016/j.jss.2026.112885,apply
POOL-0984,,10.1016/j.ajpe.2025.101882,apply
POOL-0985,,10.1016/j.eswa.2026.132639,apply
POOL-0986,,10.1016/j.dsm.2025.09.001,apply
POOL-0987,,,not_selected
POOL-0988,,,not_selected
POOL-0989,,,not_selected
POOL-0990,,10.1108/itp-03-2024-0403,apply
POOL-0991,,10.1016/j.bushor.2024.05.009,apply
POOL-0992,,10.1016/j.infsof.2025.107828,apply
POOL-0993,,,not_selected
POOL-0994,,10.1016/j.sysarc.2024.103193,apply
POOL-0995,,,not_selected
POOL-0996,,,not_selected
POOL-0997,,10.1016/j.jss.2025.112436,apply
POOL-0998,,,not_selected
POOL-0999,,10.1016/j.neunet.2026.108650,apply
POOL-1000,,10.1016/j.strueco.2024.09.011,apply
POOL-1001,,10.1016/j.csi.2025.104012,apply
POOL-1002,,10.1016/j.tsc.2026.102322,apply
POOL-1003,,,not_selected
POOL-1004,,10.1016/j.chb.2025.108691,apply
POOL-1005,,10.1016/j.iotcps.2026.04.001,apply
POOL-1006,,,not_selected
POOL-1007,,10.1016/j.infsof.2025.107805,apply
POOL-1008,,10.1016/j.chbr.2025.100850,apply
POOL-1009,,,not_selected
POOL-1010,,,not_selected
POOL-1011,,,not_selected
POOL-1012,,10.1016/j.future.2026.108445,apply
POOL-1013,,10.2196/63400,apply
POOL-1014,,10.2196/85060,apply
POOL-1015,,10.1016/j.ijhcs.2025.103471,apply
POOL-1016,,,not_selected
POOL-1017,,10.1016/j.jss.2025.112435,apply
POOL-1018,,,not_selected
POOL-1019,,,not_selected
POOL-1020,,,not_selected
POOL-1021,,10.1016/j.cancergen.2024.08.014,apply
POOL-1022,,10.1016/j.ins.2024.120759,apply
POOL-1023,,,not_selected
POOL-1024,,10.1016/j.cose.2025.104670,apply
POOL-1025,,10.1016/j.infsof.2026.108261,apply
POOL-1026,,,not_selected
POOL-1027,,10.1016/j.simpa.2025.100765,apply
POOL-1028,,10.2196/50236,apply
POOL-1029,,10.1016/j.tjpad.2024.100002,apply
POOL-1030,,10.1016/j.softx.2024.101677,apply
POOL-1031,,10.1016/j.paid.2026.114030,apply
POOL-1032,,,not_selected
POOL-1033,,,not_selected
POOL-1034,,10.1016/j.ijintrel.2026.102433,apply
POOL-1035,,10.1016/j.mlwa.2026.100908,apply
POOL-1036,,10.1016/j.infsof.2025.107971,apply
POOL-1037,,,not_selected
POOL-1038,,10.2196/93040,apply
POOL-1039,,10.1016/j.bushor.2025.11.003,apply
POOL-1040,,10.1016/j.pec.2026.109771,apply
POOL-1041,,,not_selected
POOL-1042,,10.1016/j.jacr.2026.04.008,apply
POOL-1043,,10.1016/j.cose.2026.104842,apply
POOL-1044,,10.1016/j.jss.2026.112921,apply
POOL-1045,,,not_selected
POOL-1046,,,not_selected
POOL-1047,,,not_selected
POOL-1048,,10.1016/j.jsse.2026.01.003,apply
POOL-1049,,10.1016/j.array.2025.100509,apply
POOL-1050,,,not_selected
POOL-1051,,10.1016/j.japh.2026.103025,apply
POOL-1052,,,not_selected
POOL-1053,,10.1016/j.infsof.2026.108070,apply
POOL-1054,,10.1016/j.infsof.2026.108036,apply
POOL-1055,,10.1016/j.acorp.2026.100206,apply
POOL-1056,,,not_selected
POOL-1057,,10.1016/j.drudis.2026.104613,apply
POOL-1058,,,not_selected
POOL-1059,,,not_selected
POOL-1060,,,not_selected
POOL-1061,,,not_selected
POOL-1062,,10.2196/85412,apply
POOL-1063,,,not_selected
POOL-1064,,10.1016/j.acalib.2025.103085,apply
POOL-1065,,10.1016/j.caeai.2026.100570,apply
POOL-1066,,,not_selected
POOL-1067,,10.1016/j.aej.2025.12.065,apply
POOL-1068,,,not_selected
POOL-1069,,,not_selected
POOL-1070,,10.1016/j.jss.2026.112996,apply
POOL-1071,,,not_selected
POOL-1072,,10.2196/66223,apply
POOL-1073,,,not_selected
POOL-1074,,,not_selected
POOL-1075,,10.1016/j.tele.2026.102446,apply
POOL-1076,,10.1016/j.fsidi.2026.302125,apply
POOL-1077,,10.1016/j.jss.2026.112822,apply
POOL-1078,,10.1016/j.tate.2025.105231,apply
POOL-1079,,10.1016/j.tsc.2024.101522,apply
POOL-1080,,10.1016/j.jss.2024.112169,apply
POOL-1081,,10.1016/j.infsof.2026.108232,apply
POOL-1082,,10.1016/j.sysarc.2026.103722,apply
POOL-1083,,10.1016/j.caeai.2026.100633,apply
POOL-1084,,10.4018/ijssmet.416696,apply
POOL-1085,,,not_selected
POOL-1086,,,not_selected
POOL-1087,,10.1016/j.apmr.2026.04.033,apply
POOL-1088,,10.1016/j.pecinn.2025.100429,apply
POOL-1089,,10.1016/j.plas.2023.100101,apply
POOL-1090,,,not_selected
POOL-1091,,10.1016/j.infsof.2025.107799,apply
POOL-1092,,10.1016/j.jss.2024.112059,apply
POOL-1093,,10.1016/j.bushor.2026.05.012,apply
POOL-1094,,,not_selected
POOL-1095,,10.1016/j.neucom.2024.127951,apply
POOL-1096,,10.1016/j.jss.2025.112555,apply
POOL-1097,,,not_selected
POOL-1098,,,not_selected
POOL-1099,,10.1016/j.csbj.2024.10.034,apply
POOL-1100,,10.1016/j.infsof.2025.107840,apply
POOL-1101,,,not_selected
POOL-1102,,10.1016/j.infsof.2025.107951,apply
POOL-1103,,,not_selected
POOL-1104,,,not_selected
POOL-1105,,10.1016/j.jss.2026.112826,apply
POOL-1106,,,not_selected
POOL-1107,,,not_selected
POOL-1108,,10.1016/j.jss.2026.112873,apply
POOL-1109,,10.1016/j.visinf.2025.03.002,apply
POOL-1110,,10.1016/j.clsr.2025.106111,apply
POOL-1111,,,not_selected
POOL-1112,,10.1016/j.system.2026.104031,apply
POOL-1113,,,not_selected
POOL-1114,,10.1016/j.jss.2026.112797,apply
POOL-1115,,10.32604/cmc.2025.067536,apply
POOL-1116,,10.1016/j.hcc.2026.100383,apply
POOL-1117,,,not_selected
POOL-1118,,10.1016/j.infsof.2025.107728,apply
POOL-1119,,,not_selected
POOL-1120,,10.1016/j.infsof.2025.107677,apply
POOL-1121,,10.1016/j.jss.2024.112179,apply
POOL-1122,,10.1016/j.cose.2025.104659,apply
POOL-1123,,10.1016/j.jss.2025.112479,apply
POOL-1124,,10.1016/j.techfore.2026.124669,apply
POOL-1125,,,not_selected
POOL-1126,,,not_selected
POOL-1127,,10.1016/j.chbr.2026.100973,apply
POOL-1128,,10.1016/j.bcra.2025.100309,apply
POOL-1129,,,not_selected
POOL-1130,,10.1016/j.fufo.2025.100847,apply
POOL-1131,,,not_selected
POOL-1132,,10.1016/j.eij.2026.100915,apply
POOL-1133,,10.1016/j.jss.2025.112634,apply
POOL-1134,,10.1016/j.cola.2025.101327,apply
POOL-1135,,10.2196/66828,apply
POOL-1136,,,not_selected
POOL-1137,,10.1016/j.is.2026.102695,apply
POOL-1138,,,not_selected
POOL-1139,,,not_selected
POOL-1140,,10.1016/j.caeo.2025.100306,apply
POOL-1141,,10.1016/j.compbiomed.2024.108632,apply
POOL-1142,,10.1016/j.jpainsymman.2024.04.020,apply
POOL-1143,,10.1016/j.jss.2026.113034,apply
POOL-1144,,10.1016/j.tsc.2025.101766,apply
POOL-1145,,10.1016/j.jss.2025.112471,apply
POOL-1146,,10.1016/j.jss.2026.112844,apply
POOL-1147,,,not_selected
POOL-1148,,10.1016/j.trd.2025.104716,apply
POOL-1149,,,not_selected
POOL-1150,,,not_selected
POOL-1151,,,not_selected
POOL-1152,,10.1016/j.eswa.2024.125164,apply
POOL-1153,,10.1016/j.respol.2025.105336,apply
POOL-1154,,,not_selected
POOL-1155,,,not_selected
POOL-1156,,,not_selected
POOL-1157,,10.1016/j.jss.2024.112113,apply
POOL-1158,,10.4018/jgim.387412,apply
POOL-1159,,,not_selected
POOL-1160,,,not_selected
POOL-1161,,10.1016/j.iotcps.2023.04.003,apply
POOL-1162,,10.1016/j.jss.2024.112158,apply
POOL-1163,,10.1016/j.infsof.2025.107768,apply
POOL-1164,,10.1016/j.asej.2025.103472,apply
POOL-1165,,,not_selected
POOL-1166,,10.1016/j.compedu.2025.105422,apply
POOL-1167,,10.1016/j.engappai.2024.108378,apply
POOL-1168,,10.1016/j.respol.2026.105500,apply
POOL-1169,,10.1016/j.infsof.2025.107804,apply
POOL-1170,,,not_selected
POOL-1171,,,not_selected
POOL-1172,,10.1016/j.jnca.2024.103989,apply
POOL-1173,,,not_selected
POOL-1174,,10.1016/j.dim.2024.100066,apply
POOL-1175,,10.1016/j.eswa.2026.132092,apply
POOL-1176,,,not_selected
POOL-1177,,,not_selected
POOL-1178,,,not_selected
POOL-1179,,,not_selected
POOL-1180,,,not_selected
POOL-1181,,,not_selected
POOL-1182,,10.1016/j.jss.2025.112339,apply
POOL-1183,,,not_selected
POOL-1184,,,not_selected
POOL-1185,,10.1016/j.jss.2026.112846,apply
POOL-1186,,10.1016/j.autcon.2025.106174,apply
POOL-1187,,10.1016/j.clsr.2025.106117,apply
POOL-1188,10.1007/s10664-026-10942-z,,not_selected
POOL-1189,10.1007/s00170-026-18711-4,,not_selected
POOL-1190,10.1007/s11219-026-09775-2,,not_selected
POOL-1191,10.1007/s10664-026-10919-y,,not_selected
POOL-1192,10.1007/s43681-026-01247-4,,not_selected
POOL-1193,10.1007/s44163-026-01528-1,,not_selected
POOL-1194,10.1007/s12525-026-00915-x,,not_selected
POOL-1195,10.1007/s10664-026-10900-9,,not_selected
POOL-1196,10.1007/s10664-026-10899-z,,not_selected
POOL-1197,10.1007/s11219-026-09766-3,,not_selected
POOL-1198,10.1007/s10664-026-10895-3,,not_selected
POOL-1199,10.1007/s11432-024-4637-2,,not_selected
POOL-1200,10.1007/s10664-026-10893-5,,not_selected
POOL-1201,10.1007/s11831-026-10607-6,,not_selected
POOL-1202,10.1007/s10664-026-10885-5,,not_selected
POOL-1203,10.1007/s10664-026-10878-4,,not_selected
POOL-1204,10.1007/s11219-026-09754-7,,not_selected
POOL-1205,10.1007/s10515-026-00629-6,,not_selected
POOL-1206,10.1007/s11704-025-40672-2,,not_selected
POOL-1207,10.1007/s10664-026-10860-0,,not_selected
POOL-1208,10.1007/s10664-026-10858-8,,not_selected
POOL-1209,10.1007/s10489-026-07230-0,,not_selected
POOL-1210,10.1007/s10586-025-05923-8,,not_selected
POOL-1211,10.1007/s10586-026-05995-0,,not_selected
POOL-1212,10.1007/s10115-026-02736-y,,not_selected
POOL-1213,10.1007/s12599-026-00998-y,,not_selected
POOL-1214,10.1007/s44217-026-01400-5,,not_selected
POOL-1215,10.1186/s44147-026-00926-7,,not_selected
POOL-1216,10.1007/s11432-025-4670-0,,not_selected
POOL-1217,10.1007/s11390-025-4478-0,,not_selected
POOL-1218,10.1007/s11219-026-09744-9,,not_selected
POOL-1219,10.1038/s41598-026-37614-8,,not_selected
POOL-1220,10.1007/s44366-026-0078-y,,not_selected
POOL-1221,10.1038/s41598-025-34350-3,,not_selected
POOL-1222,10.1007/s42514-025-00270-x,,not_selected
POOL-1223,10.1007/978-3-032-14107-1_31,,not_selected
POOL-1224,10.1007/978-3-032-14518-5_28,,not_selected
POOL-1225,10.1007/978-981-95-2909-4_11,,not_selected
POOL-1226,10.1007/978-3-032-25874-8_19,,not_selected
POOL-1227,10.1007/978-3-032-11233-0_6,,not_selected
POOL-1228,10.1007/978-3-032-07479-9_9,,not_selected
POOL-1229,10.1007/978-3-032-14222-1_2,,not_selected
POOL-1230,10.1007/978-3-032-10543-1_9,,not_selected
POOL-1231,10.1007/979-8-8688-2506-4_12,,not_selected
POOL-1232,10.1007/979-8-8688-2448-7_2,,not_selected
POOL-1233,10.1007/979-8-8688-2332-9_10,,not_selected
POOL-1234,10.1007/978-981-95-3495-1_21,,not_selected
POOL-1235,10.1007/978-981-96-8889-0_37,,not_selected
POOL-1236,10.1007/978-3-032-04288-0_8,,not_selected
POOL-1237,10.1007/978-981-92-0202-7_13,,not_selected
POOL-1238,10.1007/978-3-032-05306-0_13,,not_selected
POOL-1239,10.1007/978-3-032-26352-0_28,,not_selected
POOL-1240,10.1007/979-8-8688-2712-9_5,,not_selected
POOL-1241,10.1007/978-3-032-07992-3_19,,not_selected
POOL-1242,10.1007/979-8-8688-2524-8_11,,not_selected
POOL-1243,10.1007/978-3-032-16448-3_6,,not_selected
POOL-1244,10.1007/978-3-032-01241-8_14,,not_selected
POOL-1245,10.1007/978-3-032-12313-8_12,,not_selected
POOL-1246,10.1007/978-3-032-19865-5_17,,not_selected
POOL-1247,10.1007/978-981-95-6032-5_9,,not_selected
POOL-1248,10.1007/978-3-032-05727-3_26,,not_selected
POOL-1249,10.1007/978-3-032-24216-7_5,,not_selected
POOL-1250,10.1007/978-3-031-99790-7_1,,not_selected
POOL-1251,10.1007/978-981-95-7141-3_29,,not_selected
POOL-1252,10.1007/978-3-031-96841-9_3,,not_selected
POOL-1253,10.1007/978-3-032-27993-4_1,,not_selected
POOL-1254,10.1007/978-3-032-23544-2_26,,not_selected
POOL-1255,10.1007/978-3-031-99068-7_2,,not_selected
POOL-1256,10.1007/978-981-96-6250-0_42,,not_selected
POOL-1257,10.1007/978-3-031-95310-1_127,,not_selected
POOL-1258,10.1007/978-3-032-07938-1_28,,not_selected
POOL-1259,10.1007/978-3-032-05188-2_11,,not_selected
POOL-1260,10.1007/978-3-032-12089-2_9,,not_selected
POOL-1261,10.1007/978-3-032-22592-4_14,,not_selected
POOL-1262,10.1007/979-8-8688-2361-9_6,,not_selected
POOL-1263,10.1007/978-3-032-02853-2_9,,not_selected
POOL-1264,10.1007/s10664-025-10781-4,,not_selected
POOL-1265,10.1007/s10664-025-10762-7,,not_selected
POOL-1266,10.1134/s0361768825700446,,not_selected
POOL-1267,10.1038/s44387-025-00045-3,,not_selected
POOL-1268,10.1007/s12243-025-01134-9,,not_selected
POOL-1269,10.1007/s10207-025-01142-9,,not_selected
POOL-1270,10.1007/s42979-025-04382-7,,not_selected
POOL-1271,10.1007/s11192-025-05413-z,,not_selected
POOL-1272,10.1007/s10586-025-05506-7,,not_selected
POOL-1273,10.1007/s13198-025-02906-1,,not_selected
POOL-1274,10.1007/s44163-025-00334-5,,not_selected
POOL-1275,10.1007/s11704-025-50480-3,,not_selected
POOL-1276,10.1007/s44443-025-00074-7,,not_selected
POOL-1277,10.1038/d41586-025-01485-2,,not_selected
POOL-1278,10.1631/fitee.2400088,,not_selected
POOL-1279,10.1007/s11219-025-09720-9,,not_selected
POOL-1280,10.1038/s41598-025-92337-6,,not_selected
POOL-1281,10.1007/s10515-025-00500-0,,not_selected
POOL-1282,10.1007/s10009-025-00798-x,,not_selected
POOL-1283,10.1007/s10515-024-00485-2,,not_selected
POOL-1284,10.1007/s13042-025-02529-9,,not_selected
POOL-1285,10.1007/978-3-031-75110-3_3,,not_selected
POOL-1286,10.1007/978-3-031-86206-9_3,,not_selected
POOL-1287,10.1007/979-8-8688-1603-1_2,,not_selected
POOL-1288,10.1007/978-3-031-68582-8_6,,not_selected
POOL-1289,10.1007/979-8-8688-1781-6_10,,not_selected
POOL-1290,10.1007/978-981-96-4506-0_3,,not_selected
POOL-1291,10.1007/978-981-96-5693-6_31,,not_selected
POOL-1292,10.1007/978-3-032-01402-3_28,,not_selected
POOL-1293,10.1007/978-981-95-0020-8_21,,not_selected
POOL-1294,10.1007/978-3-658-47208-5_4,,not_selected
POOL-1295,10.1007/978-981-96-1624-4_12,,not_selected
POOL-1296,10.1007/978-3-031-73741-1_24,,not_selected
POOL-1297,10.1007/979-8-8688-0968-2_3,,not_selected
POOL-1298,10.1007/978-981-96-1206-2_4,,not_selected
POOL-1299,10.1007/979-8-8688-1306-1_3,,not_selected
POOL-1300,10.1007/978-3-031-95127-5_24,,not_selected
POOL-1301,10.1007/978-3-032-01402-3_22,,not_selected
POOL-1302,10.1007/s10664-024-10602-0,,not_selected
POOL-1303,10.1007/s11432-023-4127-5,,not_selected
POOL-1304,10.1007/s10664-024-10594-x,,not_selected
POOL-1305,10.1007/s10207-024-00959-0,,not_selected
POOL-1306,10.1134/s0361768824700233,,not_selected
POOL-1307,10.1007/s10639-024-13107-x,,not_selected
POOL-1308,10.1007/s43681-024-00583-7,,not_selected
POOL-1309,10.1007/s11432-023-3956-3,,not_selected
POOL-1310,10.1007/s10639-024-12851-4,,not_selected
POOL-1311,10.1007/s10664-024-10495-z,,not_selected
POOL-1312,10.1007/s10515-024-00444-x,,not_selected
POOL-1313,10.1007/978-3-031-54827-7_18,,not_selected
POOL-1314,10.1007/978-3-031-71139-8_11,,not_selected
POOL-1315,10.1007/978-3-031-72344-5_27,,not_selected
POOL-1316,10.1007/978-3-031-55642-5_7,,not_selected
POOL-1317,10.1007/978-3-031-53960-2_4,,not_selected
POOL-1318,10.1007/979-8-8688-1044-2_2,,not_selected
POOL-1319,10.1007/979-8-8688-0187-7_7,,not_selected
POOL-1320,10.1007/978-3-031-64302-6_8,,not_selected
POOL-1321,10.1007/978-3-031-71739-0_13,,not_selected
POOL-1322,10.1007/978-3-031-69982-5_12,,not_selected
POOL-1323,10.1007/978-3-031-60533-8_4,,not_selected
POOL-1324,10.1007/978-3-031-54827-7_9,,not_selected
POOL-1325,10.1007/978-3-031-72312-4_31,,not_selected
POOL-1326,10.1007/978-3-031-70797-1_20,,not_selected
POOL-1327,10.1007/978-3-031-58687-3_6,,not_selected
POOL-1328,10.1007/979-8-8688-0950-7_6,,not_selected
POOL-1329,10.1007/979-8-8688-0345-1_8,,not_selected
POOL-1330,10.1007/978-981-97-1814-6_12,,not_selected
POOL-1331,10.1631/fitee.2300537,,not_selected
POOL-1332,10.1007/978-3-031-40744-4_2,,not_selected
POOL-1333,10.1007/978-1-4842-9642-4_7,,not_selected
POOL-1334,10.1007/978-981-99-8385-8_14,,not_selected
POOL-1335,10.1007/978-3-031-19849-6_11,,not_selected
POOL-1336,,,not_selected
POOL-1337,,,not_selected
POOL-1338,,,not_selected
POOL-1339,,,not_selected
POOL-1340,,,not_selected
POOL-1341,,,not_selected
POOL-1342,,10.64137/31079911/ijmst-v2i2p103,apply
POOL-1343,,,not_selected
POOL-1344,,,not_selected
POOL-1345,10.1117/12.3108579.short,,not_selected
POOL-1346,,,not_selected
POOL-1347,,,not_selected
POOL-1348,,,not_selected
POOL-1349,,,not_selected
POOL-1350,,,not_selected
POOL-1351,,,not_selected
POOL-1352,,,not_selected
POOL-1353,,,not_selected
POOL-1354,,,not_selected
POOL-1355,,,not_selected
POOL-1356,,,not_selected
POOL-1357,,,not_selected
POOL-1358,,,not_selected
