candidate_id,title_abstract_decision,decision_rationale,screening_reviewer,screening_date
POOL-0260,include_full_text_candidate,Title/abstract contains a direct software code-review signal; verify eligibility in full text.,Codex-assisted preliminary screen,2026-08-06
POOL-0261,include_full_text_candidate,Title/abstract contains a direct software code-review signal; verify eligibility in full text.,Codex-assisted preliminary screen,2026-08-06
POOL-0262,include_full_text_candidate,Title/abstract contains a direct software code-review signal; verify eligibility in full text.,Codex-assisted preliminary screen,2026-08-06
POOL-0263,include_full_text_candidate,Title/abstract contains a direct software code-review signal; verify eligibility in full text.,Codex-assisted preliminary screen,2026-08-06
POOL-0264,include_full_text_candidate,Title/abstract contains a direct software code-review signal; verify eligibility in full text.,Codex-assisted preliminary screen,2026-08-06
POOL-0265,include_full_text_candidate,Title/abstract contains a direct software code-review signal; verify eligibility in full text.,Codex-assisted preliminary screen,2026-08-06
POOL-0266,include_full_text_candidate,Title/abstract contains a direct software code-review signal; verify eligibility in full text.,Codex-assisted preliminary screen,2026-08-06
POOL-0267,include_full_text_candidate,Title/abstract contains a direct software code-review signal; verify eligibility in full text.,Codex-assisted preliminary screen,2026-08-06
POOL-0268,include_full_text_candidate,Title/abstract contains a direct software code-review signal; verify eligibility in full text.,Codex-assisted preliminary screen,2026-08-06
POOL-0269,include_full_text_candidate,Title/abstract contains a direct software code-review signal; verify eligibility in full text.,Codex-assisted preliminary screen,2026-08-06
POOL-0271,include_full_text_candidate,Title/abstract contains a direct software code-review signal; verify eligibility in full text.,Codex-assisted preliminary screen,2026-08-06
POOL-0272,include_full_text_candidate,Title/abstract contains a direct software code-review signal; verify eligibility in full text.,Codex-assisted preliminary screen,2026-08-06
POOL-0273,include_full_text_candidate,Title/abstract contains a direct software code-review signal; verify eligibility in full text.,Codex-assisted preliminary screen,2026-08-06
POOL-0274,include_full_text_candidate,Title/abstract contains a direct software code-review signal; verify eligibility in full text.,Codex-assisted preliminary screen,2026-08-06
POOL-0275,include_full_text_candidate,Title/abstract contains a direct software code-review signal; verify eligibility in full text.,Codex-assisted preliminary screen,2026-08-06
POOL-0276,include_full_text_candidate,Title/abstract contains a direct software code-review signal; verify eligibility in full text.,Codex-assisted preliminary screen,2026-08-06
POOL-0277,include_full_text_candidate,Title/abstract contains a direct software code-review signal; verify eligibility in full text.,Codex-assisted preliminary screen,2026-08-06
POOL-0278,uncertain,The available metadata are insufficient for a reliable eligibility decision.,Codex-assisted preliminary screen,2026-08-06
POOL-0279,include_full_text_candidate,Title/abstract contains a direct software code-review signal; verify eligibility in full text.,Codex-assisted preliminary screen,2026-08-06
POOL-0280,include_full_text_candidate,Title/abstract contains a direct software code-review signal; verify eligibility in full text.,Codex-assisted preliminary screen,2026-08-06
POOL-0281,include_full_text_candidate,Title/abstract contains a direct software code-review signal; verify eligibility in full text.,Codex-assisted preliminary screen,2026-08-06
POOL-0282,include_full_text_candidate,Title/abstract contains a direct software code-review signal; verify eligibility in full text.,Codex-assisted preliminary screen,2026-08-06
POOL-0283,include_full_text_candidate,Title/abstract contains a direct software code-review signal; verify eligibility in full text.,Codex-assisted preliminary screen,2026-08-06
POOL-0284,include_full_text_candidate,Title/abstract contains a direct software code-review signal; verify eligibility in full text.,Codex-assisted preliminary screen,2026-08-06
POOL-0285,include_full_text_candidate,Title/abstract contains a direct software code-review signal; verify eligibility in full text.,Codex-assisted preliminary screen,2026-08-06
POOL-0286,include_full_text_candidate,Title/abstract contains a direct software code-review signal; verify eligibility in full text.,Codex-assisted preliminary screen,2026-08-06
POOL-0287,include_full_text_candidate,Title/abstract contains a direct software code-review signal; verify eligibility in full text.,Codex-assisted preliminary screen,2026-08-06
POOL-0288,include_full_text_candidate,Title/abstract contains a direct software code-review signal; verify eligibility in full text.,Codex-assisted preliminary screen,2026-08-06
POOL-0289,include_full_text_candidate,Title/abstract contains a direct software code-review signal; verify eligibility in full text.,Codex-assisted preliminary screen,2026-08-06
POOL-0290,include_full_text_candidate,Title/abstract contains a direct software code-review signal; verify eligibility in full text.,Codex-assisted preliminary screen,2026-08-06
POOL-0291,include_full_text_candidate,Title/abstract contains a direct software code-review signal; verify eligibility in full text.,Codex-assisted preliminary screen,2026-08-06
POOL-0292,include_full_text_candidate,Title/abstract contains a direct software code-review signal; verify eligibility in full text.,Codex-assisted preliminary screen,2026-08-06
POOL-0293,include_full_text_candidate,Title/abstract contains a direct software code-review signal; verify eligibility in full text.,Codex-assisted preliminary screen,2026-08-06
POOL-0294,include_full_text_candidate,Title/abstract contains a direct software code-review signal; verify eligibility in full text.,Codex-assisted preliminary screen,2026-08-06
POOL-0295,include_full_text_candidate,Title/abstract contains a direct software code-review signal; verify eligibility in full text.,Codex-assisted preliminary screen,2026-08-06
POOL-0297,include_full_text_candidate,Title/abstract contains a direct software code-review signal; verify eligibility in full text.,Codex-assisted preliminary screen,2026-08-06
POOL-0298,include_full_text_candidate,Title/abstract contains a direct software code-review signal; verify eligibility in full text.,Codex-assisted preliminary screen,2026-08-06
POOL-0299,include_full_text_candidate,Title/abstract contains a direct software code-review signal; verify eligibility in full text.,Codex-assisted preliminary screen,2026-08-06
POOL-0300,include_full_text_candidate,Title/abstract contains a direct software code-review signal; verify eligibility in full text.,Codex-assisted preliminary screen,2026-08-06
POOL-0301,include_full_text_candidate,Title/abstract contains a direct software code-review signal; verify eligibility in full text.,Codex-assisted preliminary screen,2026-08-06
POOL-0302,include_full_text_candidate,Title/abstract contains a direct software code-review signal; verify eligibility in full text.,Codex-assisted preliminary screen,2026-08-06
POOL-0303,include_full_text_candidate,Title/abstract contains a direct software code-review signal; verify eligibility in full text.,Codex-assisted preliminary screen,2026-08-06
POOL-0304,include_full_text_candidate,Title/abstract contains a direct software code-review signal; verify eligibility in full text.,Codex-assisted preliminary screen,2026-08-06
POOL-0305,include_full_text_candidate,Title/abstract contains a direct software code-review signal; verify eligibility in full text.,Codex-assisted preliminary screen,2026-08-06
POOL-0306,include_full_text_candidate,Title/abstract contains a direct software code-review signal; verify eligibility in full text.,Codex-assisted preliminary screen,2026-08-06
POOL-0307,include_full_text_candidate,Title/abstract contains a direct software code-review signal; verify eligibility in full text.,Codex-assisted preliminary screen,2026-08-06
POOL-0308,include_full_text_candidate,Title/abstract contains a direct software code-review signal; verify eligibility in full text.,Codex-assisted preliminary screen,2026-08-06
POOL-0309,include_full_text_candidate,Title/abstract contains a direct software code-review signal; verify eligibility in full text.,Codex-assisted preliminary screen,2026-08-06
POOL-0310,include_full_text_candidate,Title/abstract contains a direct software code-review signal; verify eligibility in full text.,Codex-assisted preliminary screen,2026-08-06
POOL-0311,include_full_text_candidate,Title/abstract contains a direct software code-review signal; verify eligibility in full text.,Codex-assisted preliminary screen,2026-08-06
