project_id	arxiv_id	pdf	text	note	validation	packet
P98	2509.21170v1	papers/candidates/pdfs/ARXIV-0140_2509.21170.pdf	data/search/provisional-extraction/P98.txt	papers/provisional/notes/P98-fine_tuning_llms_to_analyze_multiple_dimensio.md	validated	data/search/provisional-extraction/P98-extraction-packet.md
P99	2509.14856v3	papers/candidates/pdfs/ARXIV-0141_2509.14856.pdf	data/search/provisional-extraction/P99.txt	papers/provisional/notes/P99-codefuse_cr_bench_a_comprehensiveness_aware_b.md	validated	data/search/provisional-extraction/P99-extraction-packet.md
P100	2508.18771v2	papers/candidates/pdfs/ARXIV-0148_2508.18771.pdf	data/search/provisional-extraction/P100.txt	papers/provisional/notes/P100-does_ai_code_review_lead_to_code_changes_a_ca.md	validated	data/search/provisional-extraction/P100-extraction-packet.md
P101	2508.12358v1	papers/candidates/pdfs/ARXIV-0152_2508.12358.pdf	data/search/provisional-extraction/P101.txt	papers/provisional/notes/P101-uncovering_systematic_failures_of_llms_in_ver.md	validated	data/search/provisional-extraction/P101-extraction-packet.md
P102	2508.08661v1	papers/candidates/pdfs/ARXIV-0157_2508.08661.pdf	data/search/provisional-extraction/P102.txt	papers/provisional/notes/P102-hallucinations_in_code_change_to_natural_lang.md	validated	data/search/provisional-extraction/P102-extraction-packet.md
P103	2508.02732v1	papers/candidates/pdfs/ARXIV-0159_2508.02732.pdf	data/search/provisional-extraction/P103.txt	papers/provisional/notes/P103-a_note_on_code_quality_score_llms_for_maintai.md	validated	data/search/provisional-extraction/P103-extraction-packet.md
P104	2507.19271v2	papers/candidates/pdfs/ARXIV-0163_2507.19271.pdf	data/search/provisional-extraction/P104.txt	papers/provisional/notes/P104-fine_tuning_multilingual_language_models_for.md	validated	data/search/provisional-extraction/P104-extraction-packet.md
P105	2507.19115v2	papers/candidates/pdfs/ARXIV-0164_2507.19115.pdf	data/search/provisional-extraction/P105.txt	papers/provisional/notes/P105-automated_code_review_using_large_language_mo.md	validated	data/search/provisional-extraction/P105-extraction-packet.md
P106	2507.18476v1	papers/candidates/pdfs/ARXIV-0165_2507.18476.pdf	data/search/provisional-extraction/P106.txt	papers/provisional/notes/P106-automated_code_review_using_large_language_mo.md	validated	data/search/provisional-extraction/P106-extraction-packet.md
P107	2506.00296v1	papers/candidates/pdfs/ARXIV-0171_2506.00296.pdf	data/search/provisional-extraction/P107.txt	papers/provisional/notes/P107-crscore_reinforcement_learning_with_verifiabl.md	validated	data/search/provisional-extraction/P107-extraction-packet.md
P108	2505.20206v1	papers/candidates/pdfs/ARXIV-0173_2505.20206.pdf	data/search/provisional-extraction/P108.txt	papers/provisional/notes/P108-evaluating_large_language_models_for_code_rev.md	validated	data/search/provisional-extraction/P108-extraction-packet.md
P109	2505.17928v2	papers/candidates/pdfs/ARXIV-0176_2505.17928.pdf	data/search/provisional-extraction/P109.txt	papers/provisional/notes/P109-towards_practical_defect_focused_automated_co.md	validated	data/search/provisional-extraction/P109-extraction-packet.md
P110	2505.16339v1	papers/candidates/pdfs/ARXIV-0177_2505.16339.pdf	data/search/provisional-extraction/P110.txt	papers/provisional/notes/P110-rethinking_code_review_workflows_with_llm_ass.md	validated	data/search/provisional-extraction/P110-extraction-packet.md
P111	2503.17302v1	papers/candidates/pdfs/ARXIV-0185_2503.17302.pdf	data/search/provisional-extraction/P111.txt	papers/provisional/notes/P111-bugdar_ai_augmented_secure_code_review_for_gi.md	validated	data/search/provisional-extraction/P111-extraction-packet.md
P112	2502.20747v1	papers/candidates/pdfs/ARXIV-0190_2502.20747.pdf	data/search/provisional-extraction/P112.txt	papers/provisional/notes/P112-measuring_determinism_in_large_language_model.md	validated	data/search/provisional-extraction/P112-extraction-packet.md
P113	2412.20340v2	papers/candidates/pdfs/ARXIV-0199_2412.20340.pdf	data/search/provisional-extraction/P113.txt	papers/provisional/notes/P113-distilling_desired_comments_for_enhanced_code.md	validated	data/search/provisional-extraction/P113-extraction-packet.md
P114	2412.15676v1	papers/candidates/pdfs/ARXIV-0202_2412.15676.pdf	data/search/provisional-extraction/P114.txt	papers/provisional/notes/P114-code_review_automation_via_multi_task_federat.md	validated	data/search/provisional-extraction/P114-extraction-packet.md
P115	2411.11401v3	papers/candidates/pdfs/ARXIV-0208_2411.11401.pdf	data/search/provisional-extraction/P115.txt	papers/provisional/notes/P115-deep_learning_based_code_reviews_a_paradigm_s.md	validated	data/search/provisional-extraction/P115-extraction-packet.md
P116	2409.19801v2	papers/candidates/pdfs/ARXIV-0217_2409.19801.pdf	data/search/provisional-extraction/P116.txt	papers/provisional/notes/P116-crscore_grounding_automated_evaluation_of_cod.md	validated	data/search/provisional-extraction/P116-extraction-packet.md
P117	2407.02824v1	papers/candidates/pdfs/ARXIV-0224_2407.02824.pdf	data/search/provisional-extraction/P117.txt	papers/provisional/notes/P117-exploring_the_capabilities_of_llms_for_code_c.md	validated	data/search/provisional-extraction/P117-extraction-packet.md
P118	2402.03777v1	papers/candidates/pdfs/ARXIV-0241_2402.03777.pdf	data/search/provisional-extraction/P118.txt	papers/provisional/notes/P118-improving_automated_code_reviews_learning_fro.md	validated	data/search/provisional-extraction/P118-extraction-packet.md
P119	2402.02172v5	missing	missing	papers/provisional/notes/P119-codeagent_autonomous_communicative_agents_for.md	validated	missing
P120	2402.00905v4	missing	missing	papers/provisional/notes/P120-fine_tuning_and_prompt_engineering_for_large.md	validated	missing
P121	2401.16310v6	missing	missing	papers/provisional/notes/P121-an_insight_into_security_code_review_with_llm.md	validated	missing
P122	2312.17485v1	papers/candidates/pdfs/ARXIV-0248_2312.17485.pdf	data/search/provisional-extraction/P122.txt	papers/provisional/notes/P122-the_right_prompts_for_the_job_repair_code_rev.md	validated	data/search/provisional-extraction/P122-extraction-packet.md
P123	2207.11627v1	papers/candidates/pdfs/ARXIV-0276_2207.11627.pdf	data/search/provisional-extraction/P123.txt	papers/provisional/notes/P123-example_driven_code_review_explanation.md	validated	data/search/provisional-extraction/P123-extraction-packet.md
